{
  "accuracy": 0.8599059069524307,
  "precision": 0.6906377204884667,
  "recall": 0.9271402550091075,
  "f1_score": 0.7916018662519441
}